sensor_id,h2s_ppm,event_time
H2S-TNK-001,28,2026-05-14T16:51:24
H2S-TNK-002,76,2026-05-15T08:34:16
H2S-TNK-003,34,2026-05-15T09:49:10
H2S-TNK-004,78,2026-05-15T10:12:30
H2S-TNK-005,51,2026-05-15T14:43:22
H2S-TNK-006,74,2026-05-14T00:47:16
H2S-TNK-007,78,2026-05-15T17:47:28
H2S-TNK-008,51,2026-05-14T22:02:25
H2S-TNK-009,70,2026-05-14T05:45:41
H2S-TNK-010,75,2026-05-14T12:10:33
H2S-TNK-011,95,2026-05-14T18:11:06
H2S-TNK-012,64,2026-05-14T09:10:38
H2S-TNK-013,52,2026-05-15T16:16:50
H2S-TNK-014,25,2026-05-14T15:32:35
H2S-PMP-001,19,2026-05-15T15:08:17
H2S-PMP-002,22,2026-05-15T21:49:15
H2S-PMP-003,99,2026-05-15T18:20:46
H2S-PMP-004,42,2026-05-14T15:48:03
H2S-PMP-005,73,2026-05-14T16:30:06
H2S-COMP-001,54,2026-05-14T12:51:34
H2S-COMP-002,6,2026-05-14T19:00:57
H2S-COMP-003,94,2026-05-15T01:50:24
H2S-COMP-004,74,2026-05-14T12:50:50
H2S-COMP-005,31,2026-05-14T14:56:21
H2S-COMP-006,1,2026-05-14T12:01:30
H2S-COMP-007,64,2026-05-15T10:27:49
H2S-COMP-008,58,2026-05-14T03:02:16
H2S-COMP-009,80,2026-05-14T15:42:18
H2S-COMP-010,26,2026-05-14T22:23:31
H2S-COMP-011,80,2026-05-15T21:39:05
H2S-COMP-012,77,2026-05-14T02:50:32
H2S-SEP-001,10,2026-05-15T18:05:01
H2S-SEP-002,96,2026-05-15T01:53:57
H2S-SEP-003,96,2026-05-15T22:57:28
H2S-SEP-004,4,2026-05-14T14:14:58
H2S-COMP-013,84,2026-05-15T13:42:48
H2S-VLV-001,19,2026-05-14T21:37:32
H2S-VLV-002,86,2026-05-14T05:29:50
H2S-VLV-003,82,2026-05-14T03:39:46
H2S-VLV-004,42,2026-05-14T05:42:17
H2S-VLV-005,75,2026-05-14T18:11:56
H2S-VLV-006,31,2026-05-14T15:47:10
H2S-VLV-007,58,2026-05-14T17:14:52
H2S-VLV-008,16,2026-05-14T01:13:37
H2S-VLV-009,76,2026-05-15T15:04:14
H2S-VLV-010,3,2026-05-14T08:59:58
H2S-VLV-011,92,2026-05-14T13:04:59
H2S-VLV-012,6,2026-05-14T09:36:51
H2S-VLV-013,3,2026-05-15T20:37:08
H2S-VLV-014,9,2026-05-14T05:54:49
H2S-VLV-015,56,2026-05-14T02:47:17
H2S-VLV-016,1,2026-05-15T14:55:56
H2S-VLV-017,13,2026-05-15T12:04:59
H2S-VLV-018,99,2026-05-14T19:26:21
H2S-VLV-019,7,2026-05-15T02:43:34
H2S-VLV-020,17,2026-05-14T15:25:28
H2S-VLV-021,45,2026-05-14T13:22:39
H2S-VLV-022,95,2026-05-14T19:12:26
H2S-VLV-023,64,2026-05-14T05:51:26
H2S-VLV-024,15,2026-05-14T15:17:07
H2S-VLV-025,91,2026-05-14T07:46:07
H2S-VLV-026,5,2026-05-15T00:34:16
H2S-VLV-027,26,2026-05-15T15:59:42
H2S-VLV-028,55,2026-05-15T07:10:52
H2S-VLV-029,58,2026-05-15T13:56:58
H2S-VLV-030,76,2026-05-15T01:27:50
H2S-VLV-031,62,2026-05-14T14:20:25
H2S-VLV-032,47,2026-05-15T04:07:16
H2S-VLV-033,40,2026-05-14T00:44:36
H2S-VLV-034,40,2026-05-15T13:19:10
H2S-VLV-035,20,2026-05-15T19:39:26
H2S-VLV-036,62,2026-05-14T15:24:30
H2S-VLV-037,29,2026-05-14T00:33:45
H2S-VLV-038,8,2026-05-15T20:49:50
H2S-VLV-039,53,2026-05-14T00:19:03
H2S-VLV-040,12,2026-05-14T05:35:16
H2S-VLV-041,36,2026-05-14T19:42:04
H2S-VLV-042,6,2026-05-15T11:57:40
H2S-VLV-043,15,2026-05-14T11:43:06
H2S-VLV-044,89,2026-05-15T13:12:06
H2S-VLV-045,77,2026-05-14T06:22:43
H2S-VLV-046,18,2026-05-14T21:49:05
H2S-VLV-047,5,2026-05-14T10:14:28
H2S-VLV-048,42,2026-05-14T23:30:28
H2S-VLV-049,97,2026-05-15T02:00:23
H2S-TNK-015,62,2026-05-14T09:18:09
H2S-TNK-016,58,2026-05-15T09:25:05
